{
  "end_utc_ns": 1740056408378348000,
  "flow_dts_us_avg": 205422.59583049943,
  "flow_dts_us_cdf": {
    "probabilities": [
      1.0,
      0.9500002339601723,
      2.7524726149618353e-07,
      0.30016512083217156,
      0.05000031653435072,
      0.8000017615824736,
      0.8500018028695628,
      0.6960243560796753,
      0.15000342682840562,
      0.20000511959906384,
      0.2500004816827076,
      0.900002394651175,
      0.7000528749989334,
      0.10000118356322443,
      0.7500011698008614
    ],
    "values": [
      211147,
      318372,
      506748,
      8,
      323895,
      51753,
      63416,
      0,
      40832,
      26547,
      234630,
      74080,
      4,
      83852,
      112533
    ]
  },
  "flow_dts_us_stdev": 623885.2910319617,
  "flow_duration_us_avg": 942796.6416732087,
  "flow_duration_us_cdf": {
    "probabilities": [
      0.9000000784656205,
      0.9500001373148359,
      0.8500002157804564,
      0.8000005492593434,
      0.7500006865741793,
      0.7399410016999577,
      1.0,
      0.6793984982464896,
      0.10000031386248194,
      0.15000017654764608,
      0.050000058849215365,
      1.9616405121137187e-07
    ],
    "values": [
      244720,
      7869674,
      196177,
      217291,
      154151,
      1,
      4125420,
      0,
      283429,
      1168107,
      7665884,
      798778
    ]
  },
  "flow_duration_us_stdev": 1922694.2498717196,
  "pkt_bytes_avg": 739.32154272,
  "pkt_bytes_cdf": {
    "probabilities": [
      1.0,
      0.95059406,
      0.94769515,
      0.85256808,
      0.80922238,
      1e-08,
      0.25132456,
      0.74633071,
      0.15037715,
      0.42669402,
      0.33706443,
      0.75386878,
      0.05001326,
      0.20802127,
      0.59094575,
      0.10103742,
      0.53058924,
      0.60070092,
      0.69547215
    ],
    "values": [
      935,
      116,
      1522,
      88,
      1414,
      2338,
      1302,
      1510,
      110,
      64,
      1514,
      107,
      571,
      426,
      1518,
      132,
      74,
      82,
      70
    ]
  },
  "pkt_bytes_stdev": 666.2771077413511,
  "pkts_per_flow_avg": 19.616404728809083,
  "pkts_per_flow_cdf": {
    "probabilities": [
      1.0,
      0.05103168559453597,
      0.7622476006194077,
      0.2172059804926621,
      0.2511441268286903,
      0.5459806574398943,
      0.5549718367271675,
      0.6099980108965207,
      1.9616405121137187e-07,
      0.6799432458167035,
      0.7149138035542573,
      0.8699279332508659,
      0.9507800855824523,
      0.9029492088115323
    ],
    "values": [
      3069,
      21,
      8,
      2,
      23,
      1,
      14,
      5,
      5369,
      4,
      6,
      3,
      49,
      20
    ]
  },
  "pkts_per_flow_stdev": 451.96025828745877,
  "start_utc_ns": 1740056399999999000,
  "tcpudp_pkts": 99999998,
  "top_k_flows_bytes_cdf": {
    "probabilities": [
      0.9000002151310282,
      0.8500001074045558,
      0.9500001301537919,
      0.650050129283703,
      0.050000006769044085,
      0.25000336323563455,
      0.8000025595250979,
      8.656585503289846e-10,
      0.10000034127100496,
      0.7000055271392203,
      0.150000236059,
      0.7500065089779399,
      0.20000153141489993,
      0.5085857483192056,
      0.6000377230650504,
      1.0,
      0.3500488291903514,
      0.5500362647083507,
      0.3000174640079512,
      0.400020687570255,
      0.45019997736491985
    ],
    "values": [
      364140,
      103252,
      620417,
      1702,
      820645,
      10888,
      28226,
      5097774,
      233111,
      5402,
      64475,
      8379,
      17746,
      1,
      1145,
      2938679,
      2458,
      283,
      3585,
      743,
      169
    ]
  },
  "top_k_flows_cdf": {
    "probabilities": [
      1.0,
      0.8000005260000105,
      0.8500003470000069,
      0.7500003250000065,
      0.9500000590000012,
      0.7000083040001661,
      0.6500130830002616,
      1.0000000200000004e-08,
      0.10000007200000144,
      0.05000002100000042,
      0.15000041300000827,
      0.2000002840000057,
      0.2500000350000007,
      0.9000000080000001,
      0.30000571600011433,
      0.35000624700012495,
      0.6000530320010606,
      0.4500012290000246,
      0.4000305680006114,
      0.5020117100402341,
      0.5500691710013834
    ],
    "values": [
      2938679,
      102357,
      165295,
      28096,
      1575647,
      8371,
      5287,
      5097774,
      770906,
      1171845,
      242905,
      73063,
      20140,
      513716,
      12741,
      3975,
      1465,
      583,
      2440,
      4,
      327
    ]
  },
  "total_flows": 5097774,
  "total_pkts": 100000000,
  "total_symm_flows": 5097774
}
