{
  "end_utc_ns": 1547730599999993000,
  "flow_dts_us_avg": 22321199.173770595,
  "flow_dts_us_cdf": {
    "probabilities": [
      0.016238951113841278,
      0.050000153913981236,
      0.10000133392117073,
      0.15000114580408255,
      0.20000152773877675,
      0.2500009975906191,
      0.3000002394217486,
      0.3500001653150169,
      0.40000066126006756,
      0.45000013111190995,
      0.5000002850258912,
      0.5500002109191595,
      0.6000000228020713,
      0.6500000627056961,
      0.7000001026093208,
      0.7500000285025891,
      0.8000000684062138,
      0.8500001083098386,
      0.9000000342031069,
      0.9500000741067317,
      1.0
    ],
    "values": [
      0,
      7247,
      62602,
      89324,
      102879,
      121592,
      152436,
      190617,
      241961,
      276305,
      363393,
      572341,
      911876,
      1630927,
      3084287,
      4919836,
      7904830,
      18205852,
      60496777,
      158986847,
      599348943
    ]
  },
  "flow_dts_us_stdev": 67277188.56483701,
  "flow_duration_us_avg": 22405721.871975303,
  "flow_duration_us_cdf": {
    "probabilities": [
      0.6057369669737376,
      0.6500000319608696,
      0.7000000730534164,
      0.7500000228291926,
      0.8000000182633541,
      0.8500000136975155,
      0.9000000091316771,
      0.9500000045658386,
      1.0
    ],
    "values": [
      0,
      256336,
      480392,
      821004,
      2425547,
      9263718,
      37514877,
      155942374,
      599999254
    ]
  },
  "flow_duration_us_stdev": 80458003.58439314,
  "pkt_bytes_avg": 886.9783824957742,
  "pkt_bytes_cdf": {
    "probabilities": [
      0.0814226263411501,
      0.10039589723442832,
      0.18780413203567778,
      0.20977891640968946,
      0.2510114889423299,
      0.3009003117057714,
      0.350338538830429,
      0.427257041890115,
      0.4500007970953123,
      0.5032258308941756,
      0.5501632912003721,
      0.6176983142806979,
      0.6627962776138453,
      0.7595935874927253,
      0.9999999813762778,
      1.0
    ],
    "values": [
      68,
      71,
      74,
      82,
      105,
      158,
      255,
      490,
      738,
      1400,
      1454,
      1474,
      1494,
      1502,
      1522,
      2854
    ]
  },
  "pkt_bytes_stdev": 654.6825842186893,
  "pkts_per_flow_avg": 17.16137581864343,
  "pkts_per_flow_cdf": {
    "probabilities": [
      0.5995242304941214,
      0.6908690352227961,
      0.729119438774434,
      0.7589770549263982,
      0.8337735258254328,
      0.8521747225865001,
      0.9071497469931898,
      0.9517970272921171,
      1.0
    ],
    "values": [
      1,
      2,
      3,
      4,
      6,
      7,
      10,
      15,
      589857
    ]
  },
  "pkts_per_flow_stdev": 896.5856387460817,
  "start_utc_ns": 1547730000000000000,
  "tcpudp_pkts": 375864712,
  "top_k_flows_bytes_cdf": {
    "probabilities": [
      0.0025884798292826433,
      0.05005813923571274,
      0.10010251624909301,
      0.15033967555627034,
      0.2003740861727842,
      0.25005536487116986,
      0.3001337398666788,
      0.3501329477547311,
      0.40008575107377686,
      0.45001329679445196,
      0.5000173307797576,
      0.5500172909777424,
      0.6000264601694334,
      0.6500185126874034,
      0.7000015975580737,
      0.7500051394049987,
      0.8000005629468444,
      0.8500010288771487,
      0.900000408078226,
      0.9500000024276819,
      1.0
    ],
    "values": [
      1,
      29,
      82,
      162,
      274,
      425,
      624,
      882,
      1228,
      1687,
      2311,
      3210,
      4531,
      6498,
      9491,
      14350,
      22810,
      39931,
      86129,
      415675,
      21901782
    ]
  },
  "top_k_flows_cdf": {
    "probabilities": [
      0.0015693332764901856,
      0.05018328775700551,
      0.10022595842942553,
      0.15003457680273002,
      0.200049264002203,
      0.25008221309160833,
      0.3000090974222661,
      0.350056251090685,
      0.4000013201558544,
      0.450010646383851,
      0.5000095326852604,
      0.5500040583751316,
      0.6000012073493082,
      0.6500004820883531,
      0.7000012041566701,
      0.7500006757750645,
      0.8000001154670779,
      0.8500000021284254,
      0.9000000138347651,
      0.950000001596319,
      1.0
    ],
    "values": [
      1,
      55,
      160,
      326,
      576,
      921,
      1388,
      2021,
      2881,
      4135,
      6005,
      8948,
      13903,
      22706,
      40148,
      84504,
      270945,
      1111264,
      2802467,
      6216733,
      21901782
    ]
  },
  "total_flows": 21901782,
  "total_pkts": 375864712,
  "total_symm_flows": 21901782
}
