{
  "end_utc_ns": 1264196414216410000,
  "flow_dts_us_avg": 137324559.98071238,
  "flow_dts_us_cdf": {
    "probabilities": [
      0.0007423412914087252,
      0.050015244508662855,
      0.1001232816787518,
      0.15003247743149914,
      0.20006097803465142,
      0.25003645425984594,
      0.3002107719023821,
      0.35025252860002387,
      0.40122221191192653,
      0.4500576640110291,
      0.5007224571496746,
      0.5500086164614182,
      0.6000106048755915,
      0.650012593289765,
      0.7000013256094489,
      0.7500033140236224,
      0.8000053024377958,
      0.8500072908519692,
      0.9000092792661426,
      0.9500112676803161,
      1.0
    ],
    "values": [
      1,
      196,
      310,
      467,
      523,
      567,
      747,
      951,
      1013,
      1031,
      1248,
      2798,
      10254,
      34226,
      1282031,
      11353219,
      30669135,
      57109412,
      127550851,
      360015897,
      9371719658
    ]
  },
  "flow_dts_us_stdev": 705427930.7510488,
  "flow_duration_us_avg": 886853187.5851709,
  "flow_duration_us_cdf": {
    "probabilities": [
      0.6060196162403251,
      0.6500255909418511,
      0.7000010445282389,
      0.7502689660214964,
      0.8001347441428079,
      0.8500005222641194,
      0.9000020890564776,
      0.9500036558488358,
      1.0
    ],
    "values": [
      0,
      693,
      1608,
      6086,
      7090,
      79224,
      3600474577,
      9123181226,
      9480173946
    ]
  },
  "flow_duration_us_stdev": 2617333798.812889,
  "pkt_bytes_avg": 760.99607984,
  "pkt_bytes_cdf": {
    "probabilities": [
      2.5e-07,
      0.06841081,
      0.28138248,
      0.34082722,
      0.38441032,
      0.4130136,
      0.4502026,
      0.52091411,
      0.99994013,
      1.0
    ],
    "values": [
      46,
      90,
      111,
      112,
      113,
      115,
      122,
      194,
      1490,
      1518
    ]
  },
  "pkt_bytes_stdev": 681.862706656943,
  "pkts_per_flow_avg": 522.2641194104683,
  "pkts_per_flow_cdf": {
    "probabilities": [
      0.6060196162403251,
      0.6893311885686829,
      0.7311593218922674,
      0.7511777055892707,
      0.8170926601000658,
      0.8810543468042659,
      0.9011145116308219,
      0.9501342218786885,
      1.0
    ],
    "values": [
      1,
      2,
      3,
      4,
      7,
      14,
      24,
      172,
      14017476
    ]
  },
  "pkts_per_flow_stdev": 47588.442123193636,
  "start_utc_ns": 1264186933861930000,
  "tcpudp_pkts": 100000000,
  "top_k_flows_bytes_cdf": {
    "probabilities": [
      0.18615157967671037,
      0.30761131527670654,
      0.37956990974346566,
      0.4398319526959628,
      0.4674230451026603,
      0.5050614956660615,
      0.5564313639815713,
      0.6030603181510339,
      0.65348281382022,
      0.7013165601749363,
      0.7513364900910052,
      0.8006758030055925,
      0.8501903811988499,
      0.9003676523065123,
      0.950053065124867,
      1.0
    ],
    "values": [
      1,
      2,
      3,
      4,
      5,
      7,
      12,
      19,
      30,
      45,
      67,
      94,
      129,
      184,
      335,
      191474
    ]
  },
  "top_k_flows_cdf": {
    "probabilities": [
      0.14017476,
      0.27588128,
      0.31288808,
      0.37401821,
      0.414325,
      0.45320693,
      0.50398817,
      0.55041309,
      0.60061191,
      0.6501236,
      0.70073824,
      0.75056685,
      0.80021788,
      0.8501041,
      0.90003505,
      0.95000591,
      1.0
    ],
    "values": [
      1,
      2,
      3,
      5,
      7,
      11,
      20,
      33,
      54,
      86,
      134,
      198,
      289,
      452,
      814,
      2077,
      191474
    ]
  },
  "total_flows": 191474,
  "total_pkts": 100000000,
  "total_symm_flows": 111859
}
